TransactionID,Item1,Item2,Item3,Item4,Item5,Item6
1,Ice,Vodka,Whisky,Wine White,,
2,Tonic Water,Ice,Tequila,,,
3,Vodka,Orange Juice,Olives,Ice,Cola,
4,Cola,Wine Red,Vodka,Crackers,Beer,Soda
5,Cheese,Rum,Gin,Wine Red,Mint,Tequila
6,Brandy,Olives,Lemon,,,
7,Soda,Cheese,,,,
8,Mint,Wine White,Cider,Nuts,,
9,Brandy,Wine Red,Vodka,,,
10,Vodka,Chips,Cola,Rum,,
11,Rum,Beer,Orange Juice,Brandy,Vodka,Soda
12,Vodka,Cheese,Whisky,,,
13,Brandy,Tequila,Olives,Orange Juice,Nuts,
14,Olives,Wine White,,,,
15,Wine White,Mint,Brandy,Nuts,Vodka,
16,Ice,Gin,Soda,Lemon,Nuts,Cola
17,Cider,Nuts,Soda,Wine White,,
18,Olives,Tequila,Crackers,,,
19,Cheese,Beer,Lemon,,,
20,Rum,Vodka,Wine White,,,
21,Tonic Water,Vodka,,,,
22,Vodka,Cheese,Chips,Gin,Rum,
23,Chips,Nuts,,,,
24,Beer,Gin,Wine Red,Tequila,Orange Juice,Chips
25,Olives,Cola,Vodka,Mint,Wine Red,Chips
26,Cheese,Chips,Lemon,Tonic Water,Wine Red,Mint
27,Nuts,Mint,Rum,Olives,Ice,
28,Mint,Beer,Orange Juice,Rum,Tonic Water,
29,Vodka,Crackers,Cider,Tonic Water,Beer,Cola
30,Vodka,Beer,Olives,Crackers,Wine Red,Tonic Water
31,Tonic Water,Cola,Orange Juice,,,
32,Whisky,Nuts,,,,
33,Lemon,Whisky,Gin,Tonic Water,,
34,Brandy,Crackers,Soda,Olives,Orange Juice,Wine Red
35,Tonic Water,Brandy,,,,
36,Gin,Cola,Rum,Mint,Soda,Tonic Water
37,Soda,Whisky,Lemon,,,
38,Whisky,Mint,Crackers,Lemon,,
39,Cheese,Ice,Cola,Olives,,
40,Mint,Whisky,Cider,Wine Red,,
41,Tequila,Gin,,,,
42,Gin,Rum,Wine Red,Chips,Cider,Vodka
43,Wine Red,Ice,Orange Juice,Tequila,Wine White,
44,Brandy,Olives,,,,
45,Rum,Orange Juice,,,,
46,Cheese,Ice,Mint,,,
47,Gin,Whisky,,,,
48,Chips,Olives,,,,
49,Chips,Nuts,Beer,Tonic Water,,
50,Rum,Orange Juice,Olives,,,
51,Orange Juice,Beer,Whisky,Cider,Tequila,Mint
52,Wine White,Nuts,Chips,Lemon,Whisky,Beer
53,Cheese,Vodka,Nuts,Tonic Water,Whisky,
54,Olives,Beer,Tonic Water,,,
55,Beer,Vodka,,,,
56,Nuts,Tonic Water,Tequila,Vodka,,
57,Cheese,Wine White,Vodka,Orange Juice,,
58,Cider,Chips,Cheese,Vodka,,
59,Ice,Tequila,Wine Red,Brandy,Mint,
60,Wine Red,Cider,Chips,Brandy,Rum,
61,Beer,Cola,Tonic Water,Olives,Mint,Tequila
62,Wine White,Chips,,,,
63,Vodka,Soda,Wine Red,,,
64,Wine Red,Wine White,Lemon,Beer,,
65,Whisky,Wine White,Brandy,Olives,,
66,Soda,Cider,Ice,Brandy,Nuts,Rum
67,Cheese,Nuts,Vodka,Olives,Wine White,
68,Lemon,Tonic Water,Tequila,Cola,Rum,Nuts
69,Gin,Cola,Wine White,Cheese,Vodka,
70,Vodka,Soda,Cola,Lemon,,
71,Orange Juice,Cheese,Vodka,Chips,Cola,Nuts
72,Tonic Water,Brandy,Orange Juice,Soda,Chips,
73,Crackers,Rum,Olives,,,
74,Lemon,Ice,Tequila,Chips,Mint,Cheese
75,Cola,Brandy,Beer,Olives,,
76,Crackers,Vodka,Brandy,Chips,,
77,Brandy,Chips,Vodka,Beer,,
78,Chips,Beer,,,,
79,Vodka,Rum,Tonic Water,Cola,Chips,
80,Vodka,Soda,Orange Juice,Mint,Tequila,Gin
81,Soda,Wine White,Nuts,Lemon,Wine Red,
82,Cheese,Orange Juice,Olives,Nuts,,
83,Cola,Mint,Cider,,,
84,Orange Juice,Olives,Tequila,,,
85,Olives,Brandy,Beer,,,
86,Wine Red,Olives,Wine White,Gin,Crackers,
87,Wine White,Whisky,Lemon,Chips,Brandy,Beer
88,Wine Red,Cheese,,,,
89,Whisky,Mint,Brandy,Crackers,,
90,Chips,Mint,Wine White,Cider,Cheese,
91,Ice,Crackers,Wine White,,,
92,Wine White,Nuts,Rum,Brandy,,
93,Olives,Ice,Nuts,Wine Red,Chips,
94,Rum,Wine Red,Olives,Ice,Whisky,
95,Cider,Wine White,,,,
96,Tequila,Cheese,,,,
97,Wine White,Tonic Water,Mint,Vodka,Cola,Lemon
98,Wine White,Wine Red,Tequila,Cider,Lemon,
99,Brandy,Rum,Vodka,Mint,Wine White,Crackers
100,Crackers,Vodka,Gin,Cola,Whisky,Rum
101,Lemon,Wine Red,Ice,Chips,Brandy,Cola
102,Wine White,Whisky,Soda,Cola,Vodka,
103,Beer,Gin,Olives,Cider,Chips,Whisky
104,Vodka,Cider,Wine Red,Rum,Mint,Olives
105,Soda,Whisky,,,,
106,Mint,Cola,Wine Red,Rum,,
107,Soda,Rum,Cider,Crackers,,
108,Mint,Rum,Orange Juice,Beer,Soda,Lemon
109,Rum,Tonic Water,Lemon,Cider,,
110,Orange Juice,Olives,Cheese,,,
111,Lemon,Whisky,,,,
112,Mint,Ice,Vodka,Cola,Soda,Beer
113,Mint,Wine Red,Nuts,,,
114,Cola,Nuts,Gin,Vodka,Mint,Soda
115,Olives,Beer,Lemon,Cheese,Wine White,Soda
116,Vodka,Ice,Cider,,,
117,Ice,Beer,,,,
118,Olives,Tonic Water,,,,
119,Ice,Rum,Tonic Water,Cider,,
120,Ice,Cola,Cheese,Rum,Vodka,
121,Vodka,Brandy,Chips,Cider,Wine White,
122,Wine White,Beer,Gin,Olives,,
123,Tequila,Olives,Wine White,,,
124,Crackers,Wine White,Cola,Beer,,
125,Vodka,Beer,Rum,,,
126,Beer,Crackers,Olives,Cider,Vodka,Soda
127,Nuts,Vodka,Tonic Water,Tequila,,
128,Mint,Olives,Cheese,Vodka,Cider,Tequila
129,Gin,Mint,,,,
130,Lemon,Wine White,Orange Juice,Tonic Water,,
131,Beer,Chips,Lemon,Cider,Tonic Water,
132,Beer,Soda,,,,
133,Beer,Soda,Cheese,Tequila,,
134,Wine White,Cheese,Whisky,Gin,Rum,Vodka
135,Gin,Crackers,Cheese,,,
136,Orange Juice,Nuts,Vodka,,,
137,Tequila,Wine White,Cola,Soda,Rum,
138,Crackers,Chips,Vodka,Mint,Nuts,Brandy
139,Chips,Olives,Lemon,Soda,Rum,Crackers
140,Whisky,Vodka,Ice,,,
141,Brandy,Whisky,Beer,,,
142,Soda,Tequila,Chips,Cheese,,
143,Cider,Chips,Crackers,Ice,Whisky,
144,Orange Juice,Ice,Cola,Cider,,
145,Whisky,Nuts,Cider,Soda,,
146,Wine Red,Vodka,Whisky,Tequila,Brandy,Tonic Water
147,Ice,Rum,Cheese,Wine Red,Beer,Whisky
148,Vodka,Cider,Mint,,,
149,Brandy,Rum,Tonic Water,Lemon,Soda,Cheese
150,Cider,Orange Juice,Vodka,Crackers,Gin,Cheese
151,Rum,Chips,Beer,Lemon,,
152,Rum,Tonic Water,Wine Red,Tequila,Gin,
153,Vodka,Ice,Lemon,Mint,Beer,Chips
154,Soda,Wine Red,Ice,Vodka,Lemon,Rum
155,Chips,Cheese,Wine White,Soda,,
156,Lemon,Wine White,Rum,Nuts,Tequila,Brandy
157,Cider,Tonic Water,Wine White,Whisky,Wine Red,
158,Mint,Gin,,,,
159,Whisky,Orange Juice,Vodka,Nuts,Beer,Cheese
160,Wine White,Tequila,,,,
161,Cheese,Tequila,,,,
162,Chips,Nuts,Vodka,,,
163,Cider,Chips,Cheese,Lemon,,
164,Orange Juice,Vodka,Beer,Soda,Tonic Water,Ice
165,Olives,Chips,Lemon,,,
166,Cheese,Tonic Water,Brandy,Orange Juice,Nuts,Whisky
167,Wine White,Tonic Water,Cider,Rum,Mint,
168,Tonic Water,Cider,Soda,Whisky,,
169,Tequila,Rum,Gin,Orange Juice,Wine White,Whisky
170,Nuts,Gin,Tonic Water,,,
171,Chips,Soda,Nuts,Wine White,Whisky,
172,Beer,Nuts,Cider,Mint,,
173,Beer,Wine White,,,,
174,Orange Juice,Wine White,Crackers,,,
175,Mint,Gin,Chips,Wine Red,,
176,Chips,Gin,,,,
177,Olives,Nuts,Whisky,Beer,Ice,
178,Gin,Beer,Rum,Nuts,Brandy,Cheese
179,Crackers,Mint,Wine Red,Ice,,
180,Tonic Water,Wine Red,Crackers,Cider,Gin,Nuts
181,Olives,Vodka,,,,
182,Wine White,Crackers,Vodka,Ice,Tequila,
183,Tonic Water,Orange Juice,,,,
184,Tonic Water,Cheese,Orange Juice,Wine Red,,
185,Gin,Chips,Wine Red,Whisky,Tequila,Beer
186,Crackers,Gin,Mint,,,
187,Cider,Orange Juice,Lemon,Soda,Gin,Tonic Water
188,Vodka,Mint,Gin,Tonic Water,Ice,
189,Mint,Cider,Vodka,Soda,Beer,Olives
190,Wine White,Mint,Brandy,Tonic Water,,
191,Nuts,Brandy,Wine White,Tequila,Ice,Beer
192,Olives,Crackers,Whisky,Tonic Water,Cider,
193,Gin,Mint,Tonic Water,Cider,,
194,Orange Juice,Wine Red,Cola,,,
195,Cider,Wine Red,Cheese,Crackers,,
196,Cola,Chips,Whisky,Vodka,Beer,Orange Juice
197,Gin,Wine White,Tonic Water,Ice,,
198,Rum,Cola,Wine Red,,,
199,Crackers,Ice,Wine White,,,
200,Wine Red,Ice,Chips,Nuts,,
201,Cola,Tequila,,,,
202,Tonic Water,Cheese,Mint,Whisky,Wine White,
203,Rum,Tequila,Gin,,,
204,Beer,Cola,Ice,Lemon,Vodka,Brandy
205,Olives,Wine Red,Whisky,Beer,Gin,
206,Soda,Cheese,,,,
207,Crackers,Beer,,,,
208,Cider,Orange Juice,,,,
209,Brandy,Crackers,,,,
210,Cola,Beer,Brandy,Wine Red,Orange Juice,
211,Gin,Nuts,Whisky,Orange Juice,,
212,Cheese,Crackers,Chips,Orange Juice,Cola,Wine White
213,Chips,Vodka,,,,
214,Wine Red,Tonic Water,Orange Juice,Soda,,
215,Beer,Chips,Whisky,,,
216,Mint,Beer,Gin,Soda,Vodka,Cheese
217,Wine White,Cola,,,,
218,Tonic Water,Cider,,,,
219,Vodka,Lemon,,,,
220,Cheese,Gin,Orange Juice,Ice,Nuts,
221,Mint,Cola,Chips,Brandy,Orange Juice,
222,Cola,Tonic Water,,,,
223,Whisky,Cider,Mint,Tonic Water,Olives,
224,Crackers,Nuts,Brandy,Mint,Olives,
225,Tequila,Cola,Rum,Lemon,Nuts,Wine White
226,Vodka,Soda,,,,
227,Chips,Tonic Water,Lemon,,,
228,Lemon,Brandy,Cider,Wine White,Ice,
229,Wine White,Lemon,Orange Juice,Wine Red,Cider,
230,Crackers,Brandy,,,,
231,Soda,Cheese,,,,
232,Lemon,Cider,Cheese,Wine Red,Ice,Soda
233,Soda,Mint,Rum,Cola,,
234,Beer,Whisky,Gin,Rum,Lemon,Wine Red
235,Vodka,Tonic Water,Whisky,Tequila,,
236,Mint,Vodka,Tonic Water,Cheese,Rum,
237,Olives,Mint,Crackers,Lemon,,
238,Nuts,Tequila,Soda,Cider,Lemon,Whisky
239,Cola,Crackers,Vodka,Ice,,
240,Gin,Tequila,Whisky,Brandy,,
241,Gin,Whisky,Beer,,,
242,Orange Juice,Crackers,Whisky,Tequila,,
243,Ice,Cheese,Wine Red,Tonic Water,Gin,
244,Cola,Gin,Soda,,,
245,Soda,Mint,Wine White,Beer,Wine Red,Cheese
246,Chips,Wine Red,Cola,Ice,Rum,
247,Gin,Lemon,,,,
248,Olives,Mint,Cheese,Chips,,
249,Wine White,Beer,,,,
250,Orange Juice,Wine Red,Mint,Brandy,Soda,Gin
251,Chips,Soda,Whisky,,,
252,Wine Red,Chips,,,,
253,Crackers,Orange Juice,Beer,Cider,Lemon,Olives
254,Tonic Water,Vodka,Tequila,Wine Red,Soda,
255,Whisky,Tequila,,,,
256,Orange Juice,Tequila,Mint,Rum,,
257,Chips,Gin,,,,
258,Brandy,Tequila,,,,
259,Tequila,Wine Red,Wine White,Tonic Water,,
260,Cheese,Cola,Wine Red,Nuts,,
261,Beer,Nuts,Tonic Water,,,
262,Mint,Lemon,Orange Juice,Soda,Brandy,
263,Cola,Crackers,,,,
264,Chips,Cider,Cheese,Whisky,,
265,Lemon,Soda,,,,
266,Orange Juice,Chips,Gin,Tequila,Brandy,Cheese
267,Wine White,Cider,,,,
268,Gin,Cider,Whisky,Crackers,Mint,
269,Rum,Olives,Lemon,,,
270,Whisky,Rum,Crackers,Lemon,Olives,Chips
271,Vodka,Whisky,,,,
272,Nuts,Tonic Water,Chips,,,
273,Ice,Tequila,Cola,Soda,Chips,Vodka
274,Tonic Water,Chips,Brandy,Orange Juice,,
275,Mint,Orange Juice,Wine White,Rum,Nuts,Gin
276,Tequila,Wine White,Cider,Olives,Cola,Cheese
277,Ice,Tonic Water,Cola,Whisky,Wine Red,
278,Wine White,Chips,,,,
279,Vodka,Beer,Gin,,,
280,Soda,Tequila,Vodka,,,
281,Vodka,Wine Red,,,,
282,Mint,Tonic Water,Beer,Nuts,Lemon,
283,Lemon,Mint,Rum,Crackers,,
284,Brandy,Wine Red,Cider,Gin,,
285,Lemon,Chips,Nuts,Rum,Brandy,Wine Red
286,Brandy,Lemon,Crackers,Wine White,Tonic Water,Beer
287,Cheese,Wine Red,Beer,Whisky,,
288,Mint,Cola,Soda,,,
289,Wine White,Vodka,Brandy,Soda,Tequila,Olives
290,Ice,Tonic Water,Wine Red,Chips,,
291,Nuts,Cider,Crackers,Wine White,,
292,Orange Juice,Tonic Water,Lemon,Olives,Soda,
293,Ice,Tequila,Wine Red,Cola,Beer,Brandy
294,Brandy,Mint,Cider,Wine Red,Tequila,
295,Cheese,Tonic Water,Whisky,Wine Red,Cola,Ice
296,Tequila,Gin,Brandy,,,
297,Wine White,Cheese,Gin,Vodka,Cola,Brandy
298,Tequila,Whisky,Beer,Chips,Rum,
299,Orange Juice,Lemon,,,,
300,Wine White,Tonic Water,Orange Juice,Cider,Cheese,
301,Mint,Tequila,Tonic Water,,,
302,Gin,Crackers,Wine Red,Beer,Chips,Olives
303,Cider,Nuts,Lemon,Gin,Mint,
304,Rum,Whisky,Mint,,,
305,Beer,Rum,Vodka,Chips,,
306,Tonic Water,Whisky,,,,
307,Olives,Ice,,,,
308,Orange Juice,Chips,Olives,Lemon,,
309,Vodka,Crackers,Cola,Ice,Olives,Mint
310,Olives,Tonic Water,Wine White,Beer,,
311,Brandy,Vodka,Lemon,Nuts,Cola,Mint
312,Olives,Wine White,Orange Juice,Cola,Whisky,
313,Wine Red,Brandy,,,,
314,Wine White,Tonic Water,Whisky,Chips,,
315,Nuts,Brandy,Chips,Mint,,
316,Olives,Gin,,,,
317,Soda,Vodka,Brandy,Cider,,
318,Lemon,Beer,Cider,Gin,,
319,Gin,Ice,,,,
320,Olives,Ice,Orange Juice,Cola,Wine White,
321,Brandy,Olives,Beer,Cider,Vodka,
322,Mint,Cheese,,,,
323,Vodka,Gin,Wine White,Cola,Soda,Ice
324,Tonic Water,Mint,Chips,,,
325,Gin,Olives,,,,
326,Cola,Mint,Crackers,Wine Red,Orange Juice,
327,Olives,Cola,Ice,Brandy,Whisky,Chips
328,Whisky,Beer,Cider,Rum,Cheese,Soda
329,Mint,Beer,Orange Juice,,,
330,Beer,Cola,Wine White,,,
331,Soda,Cider,Vodka,Chips,Wine White,
332,Wine White,Cheese,Orange Juice,Gin,Vodka,
333,Tequila,Lemon,Tonic Water,Gin,,
334,Mint,Whisky,,,,
335,Cider,Crackers,Wine Red,,,
336,Nuts,Gin,Ice,,,
337,Rum,Wine White,,,,
338,Vodka,Ice,Wine White,,,
339,Beer,Nuts,,,,
340,Rum,Nuts,Whisky,,,
341,Soda,Mint,Wine White,Ice,Gin,
342,Beer,Tonic Water,Tequila,Rum,Crackers,
343,Chips,Olives,Tonic Water,,,
344,Vodka,Lemon,Olives,,,
345,Vodka,Tonic Water,,,,
346,Gin,Cheese,,,,
347,Lemon,Wine Red,,,,
348,Vodka,Chips,Cola,,,
349,Brandy,Orange Juice,Tequila,,,
350,Tonic Water,Olives,Soda,Crackers,,
351,Mint,Cola,Chips,,,
352,Tequila,Soda,Beer,Gin,,
353,Cola,Olives,Rum,Brandy,Wine White,Vodka
354,Chips,Nuts,Wine Red,Cheese,Brandy,Whisky
355,Chips,Mint,Ice,Rum,Tequila,
356,Cider,Nuts,Tonic Water,Wine White,Vodka,
357,Cola,Chips,Nuts,Wine White,Vodka,Rum
358,Cheese,Tequila,Ice,Beer,,
359,Beer,Tequila,Whisky,Wine White,,
360,Ice,Beer,Wine White,Cola,,
361,Gin,Olives,Nuts,Cola,Brandy,
362,Beer,Brandy,Chips,Cider,Vodka,
363,Cider,Beer,Ice,Whisky,,
364,Mint,Beer,Wine White,Cheese,Rum,
365,Nuts,Soda,Lemon,Cider,,
366,Crackers,Ice,Rum,Mint,Cider,
367,Tonic Water,Cheese,Nuts,,,
368,Tonic Water,Orange Juice,Cola,Mint,Vodka,
369,Tonic Water,Cider,Whisky,,,
370,Wine White,Orange Juice,Brandy,Nuts,Cheese,
371,Vodka,Nuts,,,,
372,Brandy,Cola,Cider,Olives,Chips,Lemon
373,Tequila,Wine White,,,,
374,Wine White,Tonic Water,Beer,,,
375,Cheese,Cola,,,,
376,Wine Red,Tequila,Crackers,,,
377,Ice,Wine Red,Tequila,Olives,,
378,Soda,Cider,Wine Red,Cola,,
379,Crackers,Beer,Brandy,Cheese,Tequila,
380,Beer,Wine White,Olives,,,
381,Nuts,Beer,Tequila,Vodka,,
382,Chips,Nuts,,,,
383,Brandy,Cider,,,,
384,Tequila,Mint,Beer,Chips,Brandy,
385,Cheese,Mint,Tonic Water,Lemon,,
386,Cheese,Mint,Soda,,,
387,Wine White,Soda,Beer,Tequila,,
388,Cider,Gin,Ice,Cheese,,
389,Whisky,Lemon,,,,
390,Rum,Cheese,Soda,Orange Juice,Crackers,
391,Orange Juice,Wine Red,Olives,,,
392,Brandy,Cheese,Cola,Orange Juice,,
393,Whisky,Mint,,,,
394,Mint,Cider,Lemon,,,
395,Tequila,Soda,,,,
396,Ice,Chips,,,,
397,Brandy,Cheese,Ice,Chips,Tonic Water,Gin
398,Cheese,Tequila,Cola,,,
399,Orange Juice,Whisky,Gin,,,
400,Chips,Beer,Orange Juice,,,
401,Cider,Soda,Rum,Tonic Water,,
402,Gin,Brandy,,,,
403,Cider,Whisky,Crackers,,,
404,Rum,Soda,Gin,Beer,,
405,Soda,Orange Juice,Crackers,Lemon,,
406,Cider,Ice,Nuts,Rum,Gin,Chips
407,Lemon,Tequila,Olives,,,
408,Gin,Soda,Brandy,Tonic Water,,
409,Nuts,Wine White,Beer,Mint,Gin,Olives
410,Orange Juice,Cola,,,,
411,Wine Red,Tonic Water,Whisky,Nuts,Mint,Beer
412,Beer,Soda,Olives,Cola,,
413,Rum,Tequila,,,,
414,Lemon,Cider,Soda,Whisky,,
415,Ice,Gin,,,,
416,Tonic Water,Cola,Wine Red,Rum,Cider,Beer
417,Tequila,Cider,Chips,Ice,Cheese,
418,Cider,Ice,Gin,Wine Red,Cola,Crackers
419,Brandy,Cheese,Cider,,,
420,Mint,Wine Red,Tequila,,,
421,Cheese,Mint,Tequila,Lemon,,
422,Tequila,Orange Juice,Tonic Water,,,
423,Cider,Beer,Wine Red,Tonic Water,Mint,
424,Wine White,Beer,Orange Juice,Cider,Cola,Crackers
425,Mint,Wine White,Olives,Lemon,Gin,
426,Nuts,Chips,Rum,Cider,,
427,Wine White,Cider,Whisky,Tonic Water,Ice,Soda
428,Gin,Tonic Water,Ice,,,
429,Whisky,Orange Juice,,,,
430,Whisky,Beer,Wine White,Olives,,
431,Olives,Tonic Water,Soda,Wine Red,Crackers,Mint
432,Tequila,Vodka,Beer,Tonic Water,,
433,Wine White,Whisky,,,,
434,Whisky,Mint,Ice,Tequila,Tonic Water,
435,Olives,Orange Juice,Cheese,Cider,Ice,Crackers
436,Rum,Vodka,Orange Juice,,,
437,Mint,Ice,Tonic Water,Lemon,Cider,
438,Orange Juice,Beer,Lemon,,,
439,Soda,Mint,Tequila,,,
440,Chips,Rum,Olives,Wine White,Mint,
441,Olives,Gin,Chips,,,
442,Gin,Cheese,,,,
443,Orange Juice,Cider,Whisky,Tequila,Gin,
444,Nuts,Cheese,,,,
445,Beer,Cheese,Crackers,,,
446,Beer,Tequila,Whisky,,,
447,Cola,Wine Red,Whisky,Olives,,
448,Vodka,Wine Red,,,,
449,Lemon,Rum,Whisky,Wine Red,Orange Juice,Cola
450,Whisky,Olives,Orange Juice,Rum,,
451,Tequila,Ice,Lemon,Rum,Tonic Water,Vodka
452,Cola,Gin,,,,
453,Olives,Rum,Wine Red,Mint,,
454,Wine White,Chips,,,,
455,Cheese,Lemon,,,,
456,Vodka,Tequila,Whisky,Rum,,
457,Orange Juice,Lemon,Nuts,Olives,Wine White,
458,Whisky,Soda,Mint,Wine Red,,
459,Olives,Cider,Lemon,,,
460,Crackers,Cola,Brandy,,,
461,Whisky,Vodka,Rum,Wine White,Crackers,Brandy
462,Olives,Gin,Whisky,Lemon,Mint,Cheese
463,Cola,Wine White,Whisky,Gin,,
464,Orange Juice,Chips,Olives,Beer,,
465,Cider,Gin,Cheese,Brandy,Mint,
466,Gin,Brandy,Rum,Cider,,
467,Wine White,Ice,,,,
468,Beer,Cheese,Tonic Water,Chips,Vodka,
469,Rum,Mint,Cheese,Gin,,
470,Cider,Mint,Gin,Chips,,
471,Gin,Crackers,,,,
472,Mint,Tonic Water,Rum,,,
473,Wine Red,Nuts,Mint,Wine White,Olives,
474,Cider,Wine Red,Brandy,Orange Juice,,
475,Tonic Water,Chips,Olives,Whisky,Crackers,Ice
476,Soda,Crackers,Whisky,,,
477,Ice,Tequila,Brandy,Cider,Olives,
478,Orange Juice,Mint,Vodka,Ice,Tonic Water,Soda
479,Cider,Cheese,Chips,Tequila,,
480,Nuts,Brandy,Ice,,,
481,Whisky,Brandy,Ice,Chips,Wine White,
482,Nuts,Cheese,,,,
483,Wine White,Tonic Water,Cola,Cider,Whisky,Rum
484,Rum,Olives,,,,
485,Tequila,Vodka,Soda,,,
486,Vodka,Soda,Mint,Cheese,,
487,Vodka,Ice,Chips,,,
488,Gin,Cider,Cola,Tequila,Olives,
489,Crackers,Mint,,,,
490,Chips,Tonic Water,Orange Juice,Gin,Brandy,Wine Red
491,Brandy,Gin,Mint,Vodka,,
492,Soda,Cola,,,,
493,Crackers,Cider,Gin,Olives,,
494,Vodka,Ice,Nuts,Soda,Beer,
495,Cider,Cheese,,,,
496,Rum,Wine Red,,,,
497,Vodka,Mint,Wine White,Olives,Cider,
498,Rum,Nuts,,,,
499,Ice,Chips,Olives,,,
500,Brandy,Wine White,Beer,Mint,Crackers,Cider
